,epoch,training loss,validation loss
0,0,507515.04261779785,333038.15671539307
1,1,507070.2165222168,331924.68922042847
2,2,506328.7095489502,326523.3764343262
3,3,502902.23149490356,322523.7993469238
4,4,501853.21646881104,320413.4441986084
5,5,500971.68254470825,318659.546836853
6,6,500502.71308898926,317508.3562698364
7,7,499924.5121459961,316291.7124786377
8,8,499735.9301147461,315820.38150787354
9,9,499125.2129058838,314485.27367401123
10,10,498993.66732025146,313628.73014831543
11,11,498618.67611694336,312780.26469421387
12,12,498408.56842041016,312106.2992782593
13,13,498279.7959213257,310759.13791656494
14,14,498148.5474395752,310713.8903579712
15,15,497909.08572387695,309536.0888595581
16,16,497664.5474700928,309392.1683654785
17,17,498039.69244384766,309126.06606292725
18,18,497404.60722351074,308065.5633087158
19,19,497860.5346069336,307670.4075164795
20,20,497471.6230163574,307900.8148498535
21,21,497400.2501678467,306558.7532272339
22,22,497309.7694129944,307089.8293762207
23,23,497021.6944580078,306214.3488922119
24,24,496962.2557067871,305975.8999862671
25,25,497109.18550109863,305341.28718566895
26,26,496684.7571411133,305428.51139831543
27,27,496844.5478134155,304972.5200805664
28,28,496805.0037307739,305080.8261871338
29,29,496569.14808654785,304452.88890075684
30,30,496692.3293457031,303978.1962509155
31,31,496426.4959716797,304037.6989593506
32,32,496286.9627685547,303692.82194519043
33,33,496495.10876464844,303316.7865371704
34,34,496575.87380981445,303189.52532958984
35,35,497041.5229187012,303026.287979126
36,36,496716.4560546875,302469.02502441406
37,37,496640.41523742676,302758.3169708252
38,38,496346.31408691406,302472.1653137207
39,39,496512.5534667969,302154.46281433105
40,40,496329.1915435791,302110.6078186035
41,41,496288.3010482788,302050.26248168945
42,42,496663.4678554535,302013.61792755127
43,43,496447.5663909912,302002.49405670166
44,44,496380.7588195801,301854.91248321533
45,45,496280.8510437012,301239.0831298828
46,46,496580.62815856934,301711.2349243164
47,47,496330.3886413574,301443.862991333
48,48,496508.72830200195,301255.16876220703
49,49,496363.26669311523,301170.0478897095
50,50,496254.8560333252,300880.40715789795
51,51,496107.5758628845,300581.97201538086
52,52,496036.63862609863,300635.37870788574
53,53,496374.41482925415,300860.96688842773
54,54,496428.65336608887,300349.2223815918
55,55,496596.52531433105,300335.6617279053
56,56,496219.8879394531,300401.8544540405
57,57,496259.15715026855,300078.3044433594
58,58,496337.5760192871,300090.76246643066
59,59,496428.3617324829,300379.82331848145
60,60,496556.88442611694,300103.84854888916
61,61,496122.7547893524,300090.0277404785
62,62,496222.53244018555,300041.47705078125
63,63,496212.9595489502,299944.8489074707
64,64,496260.76083374023,300283.57735443115
65,65,496205.4739494324,300017.5806503296
66,66,496168.3435096741,299535.7526168823
67,67,496197.74992370605,299608.63986968994
68,68,496170.85150146484,299739.5824813843
69,69,496066.49838256836,299631.626083374
70,70,496450.0092163086,299295.7509536743
71,71,496475.7730255127,299358.4977798462
72,72,496203.84243774414,299587.5898513794
73,73,496231.6051635742,299222.52436828613
74,74,496097.63803100586,299486.07664489746
75,75,496239.7377319336,299018.05351257324
76,76,496104.4582977295,299364.7483215332
77,77,496332.01055908203,299414.81942749023
78,78,496366.3843231201,299065.464263916
79,79,496440.66006469727,299260.89653778076
80,80,496325.49491882324,299097.6251678467
81,81,496283.2218017578,299001.33055114746
82,82,496296.66426086426,298860.7516937256
83,83,496319.1450500488,298934.38442993164
84,84,496201.1897125244,299138.0985183716
85,85,496200.07276535034,299231.57164001465
86,86,496352.66162109375,298871.92654418945
87,87,496544.09801483154,299285.9352874756
88,88,496063.679107666,299026.8180999756
89,89,496221.06147766113,298989.13314056396
90,90,496251.782623291,298818.6778411865
91,91,496333.7928009033,299143.2388458252
92,92,496271.17503738403,299030.40503692627
93,93,496498.96548461914,299299.9382019043
94,94,496122.7252883911,298938.1951751709
95,95,496302.36600494385,298884.150970459
96,96,496224.50064086914,298918.26220703125
97,97,496073.4267272949,299134.2804336548
98,98,496358.8285064697,298693.3233718872
99,99,496416.5710144043,298612.46042633057
100,100,496386.59409332275,298837.59230804443
101,101,496082.07080078125,298625.5333099365
102,102,496330.83313941956,298774.69666290283
103,103,496317.1854248047,298482.3083496094
104,104,496210.4124317169,298840.8875579834
105,105,496320.1312713623,298640.6121444702
106,106,496285.3975830078,298591.0508880615
107,107,496345.06365966797,298675.9699935913
108,108,496078.56927490234,298703.71533203125
109,109,496247.050201416,298838.5827407837
110,110,495879.09466552734,298828.1440811157
111,111,496343.7659187317,298845.1996612549
112,112,496206.63594055176,299005.11933898926
113,113,496088.0610809326,298936.0566482544
114,114,496343.998085022,298704.5694503784
115,115,496130.55752563477,298694.6612701416
116,116,496415.7323913574,298876.7491607666
117,117,496180.8119735718,298529.3179016113
118,118,496158.33654785156,298620.80780792236
119,119,496146.3738937378,298610.7089996338
120,120,496314.3427734375,298338.1097640991
121,121,496359.97999572754,298865.33640289307
122,122,496066.2176055908,298617.9583892822
123,123,496087.3416748047,298555.09174346924
124,124,496220.54861450195,298741.42122650146
125,125,496301.1309661865,298241.3805923462
126,126,496265.7161254883,298465.8084945679
127,127,496195.02783203125,298728.58852386475
128,128,496081.42559814453,298559.00272369385
129,129,496163.91607666016,298907.80196380615
130,130,496165.27725219727,298735.06732940674
131,131,496626.6807861328,298128.0207672119
132,132,496466.7024383545,298777.4281539917
133,133,496168.51953125,298828.97479248047
134,134,496037.34700012207,298496.0481262207
135,135,496002.91251945496,298662.6847076416
136,136,495969.8883666992,298821.1548461914
137,137,496319.99227905273,298264.0016937256
138,138,496019.74005126953,298555.86458587646
139,139,496047.8103942871,298726.7287826538
140,140,496066.32818603516,298671.24168395996
141,141,495851.22871398926,298565.1324005127
142,142,496228.7699584961,298452.9278869629
143,143,495964.3128051758,298413.085899353
144,144,496234.5240020752,298625.31678009033
145,145,496178.4610977173,298741.8204650879
146,146,496156.72624206543,298476.50032043457
147,147,496177.08309936523,298705.9595031738
148,148,496029.85876464844,298588.4778442383
149,149,496064.5219421387,298813.8075027466
150,150,495984.8918609619,298529.10748291016
151,151,496007.9171447754,298539.3094100952
152,152,496328.532119751,298572.8715209961
153,153,496098.8550720215,298625.99893188477
154,154,495952.4945983887,298358.5401535034
155,155,496043.9265136719,298350.5916824341
156,156,496321.18536376953,298356.0065841675
157,157,495957.65341186523,298246.5923309326
158,158,496133.1363258362,298432.0640258789
159,159,495815.0849609375,298370.93327331543
160,160,496126.90717315674,298231.3607788086
161,161,496157.8803100586,298602.2762680054
162,162,495933.895111084,298059.3723297119
163,163,495985.762714386,298323.89614105225
164,164,496019.46228027344,298364.7364883423
165,165,496228.2400817871,298221.0189361572
166,166,496155.7850341797,297881.2257537842
167,167,496042.7336730957,298543.56898498535
168,168,496104.3476257324,298301.07385253906
169,169,496040.0944366455,298259.2749938965
170,170,495960.31661987305,298463.6973724365
171,171,495852.6971130371,298255.3104019165
172,172,496165.55267333984,298188.07626342773
173,173,495920.6984863281,298330.85705566406
174,174,496085.17724609375,298216.1049346924
175,175,496010.6261138916,296745.60440063477
176,176,496325.9050292969,298551.64042663574
177,177,495847.4203186035,297644.5932998657
178,178,495626.941696167,297930.83321380615
179,179,496062.44998168945,297405.1192703247
180,180,495718.2162094116,297673.5346984863
181,181,495575.3171424866,298452.18965148926
182,182,496094.1086425781,298309.95767974854
183,183,496257.33641052246,298553.3793106079
184,184,495835.5802001953,298271.9647064209
185,185,495578.74826049805,298224.3578414917
186,186,495818.1576843262,297393.69748687744
187,187,496334.65423583984,298868.59687042236
188,188,496212.91107177734,298125.8068847656
189,189,495550.848526001,297442.079498291
190,190,495931.1450691223,298212.25827789307
191,191,495835.15740966797,298276.60789489746
192,192,495979.1648712158,297631.65576171875
193,193,495744.3593902588,297843.2217941284
194,194,495738.02142333984,297434.34033966064
195,195,495847.5921936035,297761.78326416016
196,196,495941.4255218506,297146.44940948486
197,197,495506.5656890869,297841.54485321045
198,198,495600.2650756836,297332.6781692505
199,199,495940.99404907227,296936.0154647827
200,200,495557.2593688965,296578.6287841797
201,201,495751.17028808594,297277.02391052246
202,202,495586.2730255127,298047.7604446411
203,203,495818.25329589844,297365.03743743896
204,204,495355.19329833984,297487.67292785645
205,205,495550.8696594238,297620.90773010254
206,206,495873.67431640625,296796.72063446045
207,207,495712.2555541992,297943.40534210205
208,208,495877.88328552246,297989.98473358154
209,209,495533.1986694336,298100.9249191284
210,210,495305.24162864685,297553.8867034912
211,211,495758.2032318115,299163.7855606079
212,212,495879.225692749,298838.77208709717
213,213,496055.16201782227,297372.5280456543
214,214,495867.54051208496,299177.39183807373
215,215,496916.0007324219,299847.56640625
216,216,495670.5921020508,298372.4502334595
217,217,495466.99729156494,298792.857421875
218,218,495374.3437805176,298195.51678466797
219,219,495715.7106952667,299951.83835601807
220,220,495607.6919555664,299818.30894470215
221,221,495377.96075439453,298902.66621398926
222,222,495436.9459838867,296733.40186309814
223,223,495627.08923339844,296605.8430862427
224,224,494561.35456848145,299485.87635040283
225,225,495849.8540725708,300613.7983856201
226,226,495491.9870605469,299990.33448028564
227,227,495475.8611907959,298355.4959716797
228,228,495268.9204711914,297258.8353805542
229,229,495318.0274429321,296561.854057312
230,230,495695.1088409424,296749.59631347656
231,231,495507.4210510254,297558.8955154419
232,232,495358.01808166504,299067.913520813
233,233,494942.68032836914,298237.7025909424
234,234,496006.90464782715,298999.6683578491
235,235,496318.27497673035,299471.48152160645
236,236,496292.65480041504,299035.502822876
237,237,496175.6764526367,298583.90575408936
238,238,496107.32528686523,299146.57094573975
239,239,496116.45587158203,299152.36179351807
240,240,496119.1349029541,298639.73360443115
241,241,496150.5143737793,298731.41160583496
242,242,496154.056640625,298990.0406341553
243,243,496166.83741760254,299096.7819290161
244,244,496141.4704284668,298838.71002960205
245,245,496117.68521118164,299143.923286438
246,246,496255.47047424316,298631.55461883545
247,247,496075.87937545776,298776.54609680176
248,248,496078.0850753784,299138.78690338135
249,249,496079.95880126953,299271.06857299805
250,250,496087.25828552246,299007.7426452637
251,251,496218.1524810791,298430.3316497803
252,252,496080.1951446533,299012.89321899414
253,253,496064.7381591797,299108.021194458
254,254,496231.5053100586,298706.01958465576
255,255,496171.8752975464,298759.65785217285
256,256,496111.55795288086,299073.599029541
257,257,496763.0529537201,299281.67043304443
258,258,496098.1268310547,299102.1845703125
259,259,496146.8112411499,299209.1109085083
260,260,496144.6032104492,298073.6874694824
261,261,496248.77545928955,298455.7999649048
262,262,496281.58476638794,299339.7661437988
263,263,496098.82234191895,298455.5461883545
264,264,496110.96603393555,299005.8171234131
265,265,495946.1378173828,299275.2640914917
266,266,495917.7445335388,298594.33487701416
267,267,496092.1312866211,298415.8566207886
268,268,495934.6189727783,298864.53533935547
269,269,495947.71325683594,299759.1163711548
270,270,496445.71156311035,298456.5185699463
271,271,496022.6149597168,299468.8721694946
272,272,495909.89054870605,298451.8174209595
273,273,495883.7002105713,299196.0057601929
274,274,495762.0009994507,299252.3679962158
275,275,496094.79486083984,299044.4711303711
276,276,495719.77575683594,298755.4676513672
277,277,496116.8053588867,299057.7354660034
278,278,495819.97259521484,299408.7094192505
279,279,495877.9246520996,299682.6266784668
280,280,495577.4169921875,299285.0093078613
281,281,495707.2386703491,299328.67024993896
282,282,495585.04164123535,300109.0329284668
283,283,496268.0209350586,299750.3796310425
284,284,495181.70487976074,300042.04753112793
285,285,497065.63721466064,295329.5665664673
286,286,496124.4738006592,295900.56103515625
287,287,495801.359085083,296290.7684555054
288,288,495868.39043426514,296293.47567749023
289,289,495911.3232727051,296728.12732696533
290,290,495859.52320861816,296989.1847000122
291,291,495600.4996948242,298023.03479003906
292,292,495386.38903808594,298989.298576355
293,293,494159.6523132324,299129.1819000244
294,294,498402.7145690918,308409.31886291504
295,295,497433.5263595581,306063.518989563
296,296,497057.0729827881,302488.2657928467
297,297,496153.67474365234,304028.6580963135
298,298,495702.7355041504,303071.4810409546
299,299,495138.3610839844,303197.1233520508
300,300,494832.5981903076,302412.60440063477
301,301,494322.43772888184,302484.0480117798
302,302,494386.5377702713,304456.4458847046
303,303,493747.3369140625,301940.2152252197
304,304,494383.3645172119,302090.6340332031
305,305,491482.0502624512,300403.31732940674
306,306,493125.7367210388,300435.6371765137
307,307,498179.0280075073,316523.0227127075
308,308,495169.1021118164,302374.56798553467
309,309,496768.719165802,300377.9792098999
310,310,493549.03187561035,305681.77335357666
311,311,488434.78229522705,300921.673576355
312,312,489798.15590286255,296824.47258758545
313,313,490507.0128173828,298452.1862106323
314,314,487786.6823425293,301467.6026916504
315,315,492308.26083374023,297034.86278533936
316,316,489533.3011341095,300967.64685058594
317,317,484566.08990478516,294245.85523986816
318,318,488071.1675796509,296310.48988342285
319,319,488734.47677612305,297278.7914276123
320,320,489036.86361694336,312745.56159973145
321,321,492188.1592102051,308614.05375289917
322,322,494642.8391113281,304680.026222229
323,323,490881.3726654053,303068.1725578308
324,324,493057.8133544922,303347.7860240936
325,325,492803.9311981201,294754.26390838623
326,326,491899.6399536133,297405.05770492554
327,327,482094.17263793945,296580.36385154724
328,328,489487.42987823486,292456.63596343994
329,329,493625.03801345825,293061.89737319946
330,330,488070.4507141113,302273.6916847229
331,331,498962.7522277832,320274.7486152649
332,332,497488.01177215576,317179.2289352417
333,333,488405.3041687012,317668.3669204712
334,334,498960.82483673096,313998.2012023926
335,335,498518.4546852112,309439.3061904907
336,336,493277.8461380005,307845.5722503662
337,337,492391.3676147461,303596.7575035095
338,338,486013.7551269531,300424.07250213623
339,339,488098.99432373047,311816.34758758545
340,340,486787.41522979736,297293.73920822144
341,341,491789.7167663574,299537.6357574463
342,342,490285.8638191223,294902.4569206238
343,343,495179.65447998047,294684.9988861084
344,344,486070.20820617676,293713.7135486603
345,345,490821.3452606201,295655.9818611145
346,346,492360.7925720215,300161.2985191345
347,347,486010.06535339355,294968.6177749634
348,348,496638.42503356934,310204.46743011475
349,349,482154.4527282715,288085.92251205444
350,350,495542.83013534546,287898.3720970154
351,351,498118.02018737793,287836.7839946747
352,352,495309.3773651123,288114.8945045471
353,353,495296.84382629395,288397.98271369934
354,354,488073.0915298462,288597.9538383484
355,355,495003.96363830566,288696.9586906433
356,356,491137.43031311035,289700.35165023804
357,357,488143.2876281738,289787.6038265228
358,358,507149.2762451172,289642.7160873413
359,359,495844.20798397064,289214.12200546265
360,360,494434.4952316284,289457.6659049988
361,361,498400.1529388428,289604.15414237976
362,362,499325.6673049927,290096.3676300049
363,363,497301.9276275635,290521.205286026
364,364,504636.1020202637,290369.1936454773
365,365,494922.3451843262,290497.68883132935
366,366,494902.11877441406,290981.15964508057
367,367,494126.3937988281,291261.6805458069
368,368,497495.8105621338,291189.4185523987
369,369,488746.3727722168,292089.41037368774
370,370,496403.3181152344,292219.6313858032
371,371,498839.7621688843,294338.0145435333
372,372,491264.72091674805,297545.6432571411
373,373,509386.4479598999,320756.64180374146
374,374,496407.3282699585,316052.9392776489
375,375,496997.100189209,311912.24237823486
376,376,496246.317489624,308999.5797958374
377,377,496309.82987594604,305422.5825500488
378,378,491524.6559867859,301963.4301071167
379,379,498069.94120788574,302042.2697753906
380,380,499677.7552871704,304263.8595352173
381,381,494507.05879974365,302577.0061759949
382,382,495619.99504089355,302066.62703704834
383,383,491071.15129089355,306819.63062286377
384,384,487540.7188720703,307872.6973800659
385,385,492651.6418533325,310878.57788848877
386,386,493537.6220397949,317159.9067077637
387,387,493624.9966125488,306820.98893737793
388,388,497061.88973999023,295506.48903656006
389,389,495323.49922180176,293018.7904701233
390,390,501107.5261077881,290894.3978424072
391,391,493515.5836715698,291280.93159484863
392,392,493761.36740112305,291507.4905319214
393,393,492496.14933776855,291880.14279556274
394,394,494786.09995269775,293445.1918563843
395,395,491883.30239868164,291432.5936431885
396,396,499399.48600769043,292391.78869247437
397,397,486506.26863861084,291342.8473930359
398,398,491739.43731689453,291680.1836051941
399,399,488373.4790344238,307182.935256958
400,400,497397.6519584656,314608.9117050171
401,401,491831.19651794434,312336.1853027344
402,402,491843.27098083496,301676.57498168945
403,403,493454.5795135498,297103.75913619995
404,404,494227.80615234375,294977.62564086914
405,405,491369.0167388916,303972.4757041931
406,406,487538.5493927002,298803.67434310913
407,407,494314.68322753906,307271.95556640625
408,408,489079.880859375,287431.9733314514
409,409,491656.8531188965,287225.1774635315
410,410,496418.30714416504,303453.8624801636
411,411,491631.0246734619,301048.53077697754
412,412,493892.832195282,302310.07637786865
413,413,478995.0005722046,298546.72301483154
414,414,484591.85454177856,293370.109664917
415,415,487117.48931884766,311429.61810302734
416,416,490948.6549987793,285930.09263420105
417,417,500137.0563354492,286832.54789733887
418,418,486173.1926269531,292465.20403671265
419,419,485676.75079345703,291358.29623794556
420,420,483718.027469635,291655.0804977417
421,421,486651.9428405762,289849.4402065277
422,422,486756.00259017944,287192.7187232971
423,423,488957.16357421875,303375.2340812683
424,424,497592.1912536621,319170.62129211426
425,425,495043.1254577637,310594.65086364746
426,426,496595.4501953125,309511.5422821045
427,427,491002.10356903076,300519.66839790344
428,428,487467.582403183,299184.5267982483
429,429,480924.32317352295,299292.97494888306
430,430,482617.96433639526,297350.7552871704
431,431,490777.80865478516,299976.8334274292
432,432,487160.8120574951,300313.12062072754
433,433,486081.95960998535,303770.05340766907
434,434,491027.51953125,309156.04962158203
435,435,482956.62396240234,292003.98861312866
436,436,482890.60147094727,311037.2562713623
437,437,489434.48263549805,289551.621761322
438,438,481067.7238006592,289809.6399230957
439,439,481645.0879211426,300802.95069885254
440,440,481838.7763977051,292929.0616836548
441,441,484442.09872436523,289857.55406951904
442,442,472017.91358947754,284167.25230407715
443,443,464557.2141418457,307704.1398586035
444,444,493241.17303466797,280325.11839294434
445,445,481417.31031036377,281687.9278869629
446,446,481596.0509109497,284890.2326889038
447,447,472679.9892883301,288375.9828109741
448,448,467761.61515808105,290829.2996749878
449,449,472473.57496643066,334071.2195854187
450,450,493763.12696647644,322265.5478286743
451,451,482796.9868469238,304314.52546691895
452,452,475345.70642089844,304172.88620376587
453,453,470473.9945888519,296430.29597473145
454,454,466668.96363830566,294788.8581647873
455,455,468378.00927734375,286372.808347702
456,456,473217.49755859375,285377.1105232239
457,457,472677.6682987213,290479.7217273712
458,458,468388.92863464355,298118.7203216553
459,459,456557.1644384861,275035.7680053711
460,460,489341.5023612976,277492.71212768555
461,461,490606.13537597656,276887.98516845703
462,462,468791.0837955475,280254.5824623108
463,463,460669.50717163086,290549.3518791199
464,464,479723.6292877197,281411.94915008545
465,465,462363.4418334961,281666.6933822632
466,466,462217.9688472748,315917.005443573
467,467,452200.5973815918,278285.9769897461
468,468,507765.2629714012,272732.15103149414
469,469,507381.4127845764,274204.9493408203
470,470,505891.4707669616,275303.2320098877
471,471,503592.90141296387,279268.573135376
472,472,502723.6202583313,281177.97367858887
473,473,502025.3809661865,282785.63455200195
474,474,499659.0267791748,283729.6486816406
475,475,493621.364320755,284634.72912597656
476,476,491641.8712463379,286173.25984191895
477,477,489669.25131225586,287820.5089416504
478,478,489393.0195274353,286997.8625717163
479,479,476617.02896118164,333745.7872695923
480,480,450987.34356689453,293250.0387954712
481,481,496572.932723999,399758.5019454956
482,482,516219.5098648071,316698.8961029053
483,483,483232.78258132935,308455.0090942383
484,484,481064.85707855225,306898.12365341187
485,485,478698.29026794434,303127.4457473755
486,486,471973.5033016205,312243.8518371582
487,487,467502.5606613159,290994.25549316406
488,488,474741.89628601074,293172.7250366211
489,489,477169.819606781,300151.78775024414
490,490,463141.12523651123,321522.09508514404
491,491,472999.6016845703,279430.65983581543
492,492,482425.6658935547,283132.32191467285
493,493,493996.0989303589,282554.2637023926
494,494,493044.9451904297,283709.3241119385
495,495,492063.7275390625,284705.1701965332
496,496,490197.5475769043,285052.448638916
497,497,489189.79988098145,285873.7128601074
498,498,478405.5811767578,284877.6377105713
499,499,468762.8982887268,294212.52459716797
500,500,465486.36992645264,287223.3144378662
501,501,478247.3994445801,282293.6655883789
502,502,476976.1297607422,287600.13900756836
503,503,469916.6513977051,282784.7460784912
504,504,468697.2100830078,289078.0527648926
505,505,477514.5275878906,344052.7651939392
506,506,491240.39165496826,347813.30515289307
507,507,515951.9360923767,379439.38569641113
508,508,478294.9637145996,279319.3720855713
509,509,493932.8852844238,375831.7214355469
510,510,480523.0008239746,283871.3247375488
511,511,468011.2212219238,287134.04779052734
512,512,456050.704498291,289315.97552490234
513,513,456668.26150512695,280228.41218566895
514,514,463222.22247314453,286439.7049407959
515,515,456875.9807739258,289035.0506134033
516,516,465408.09814453125,330461.68754577637
517,517,459436.1594619751,291673.7088851929
518,518,455213.73837280273,287528.47981262207
519,519,454668.01766967773,289688.4962310791
520,520,452351.1947937012,278462.4704284668
521,521,486422.6557006836,279643.44744873047
522,522,452853.70640563965,291269.03352355957
523,523,456203.3137664795,319380.94635009766
524,524,450406.3859024048,278292.90254211426
525,525,483425.27056121826,277516.7121582031
526,526,462804.2212677002,321470.15310668945
527,527,448495.18911743164,290175.9871368408
528,528,456052.8853149414,280278.23568725586
529,529,450548.37411499023,375116.16706848145
530,530,468226.65799713135,363287.2734146118
531,531,452263.3716278076,293736.37731933594
532,532,448546.7347717285,283330.42205810547
533,533,447535.2225456238,292011.85205078125
534,534,446187.9909515381,287405.19789123535
535,535,446300.9381713867,285551.7938079834
536,536,445922.9638290405,292770.30810546875
537,537,444991.2426452637,287041.7038421631
538,538,444245.9440383911,293145.94593811035
539,539,448355.7852783203,277258.7503051758
540,540,455087.65213012695,293077.42251586914
541,541,457316.98245048523,285136.11489868164
542,542,444282.1180267334,286471.9709625244
543,543,442853.78467559814,292206.74743652344
544,544,441561.2419433594,288205.9813232422
545,545,443426.2893028259,286510.51123046875
546,546,438202.52516174316,296231.9005126953
547,547,437466.6325569153,290945.91903686523
548,548,441618.2936954498,286238.6603088379
549,549,437367.44131088257,295602.9127960205
550,550,427258.87031555176,347475.7745361328
551,551,470408.53314208984,276589.8417663574
552,552,477595.0011291504,279720.91665649414
553,553,472978.18995666504,286055.30979919434
554,554,464007.3842163086,287662.4657897949
555,555,462433.3392944336,289848.55003356934
556,556,459004.70585632324,298114.1928405762
557,557,464504.3223724365,289118.06213378906
558,558,461736.1352844238,302809.97982025146
559,559,468781.8127441406,298391.03913879395
560,560,454789.8403015137,292707.6531982422
561,561,441532.7482872009,316475.2442703247
562,562,460662.56742477417,276757.59997558594
563,563,454064.9152812958,279630.4379272461
564,564,442525.7936859131,308889.8100280762
565,565,422162.37815856934,309700.30561828613
566,566,433554.0283203125,326987.28548049927
567,567,441186.126953125,307559.3236999512
568,568,432977.0267486572,301427.93183135986
569,569,424139.99043273926,326779.98219680786
570,570,417644.6187300682,358110.14375305176
571,571,430727.08838653564,305185.10443115234
572,572,411776.77784729004,306714.51721191406
573,573,443675.40919303894,281279.65979003906
574,574,420314.6778411865,303727.1544494629
575,575,419567.7325563431,301493.5473937988
576,576,416747.5930354595,347529.7074394226
577,577,414313.5037808418,331994.98220825195
578,578,415475.82012176514,325500.2202758789
579,579,423847.5366308689,327472.09356689453
580,580,426616.5986700058,296626.0947265625
581,581,424993.77307510376,287623.9296875
582,582,419177.5183570385,311114.36601257324
583,583,411798.2468520105,301540.66497802734
584,584,415392.4860229492,324111.992767334
585,585,413915.4417114258,294583.9542236328
586,586,417248.3260116577,307456.2261352539
587,587,411218.1930809021,316787.4799499512
588,588,435874.5886077881,329485.7478752136
589,589,445215.8541107178,320250.49884033203
590,590,430917.43700408936,323592.21823501587
591,591,425008.7973098755,313772.1865005493
592,592,421952.73624420166,334509.7311630249
593,593,429543.21142578125,355398.04136657715
594,594,420736.68923950195,319437.3304595947
595,595,419333.61864566803,303694.8629760742
596,596,446678.89476013184,275410.7074584961
597,597,433539.5981016159,288861.88146972656
598,598,431533.6686630249,284476.8854370117
599,599,431813.1305294037,287775.83905029297
600,600,426278.7295227051,287561.9971008301
601,601,423737.27977752686,302172.4623413086
602,602,419113.5132293701,308897.91369628906
603,603,405371.0271759033,324954.1022644043
604,604,409125.7841911316,341212.7730255127
605,605,401149.0535888672,289032.96520996094
606,606,412080.1461238861,323911.3455810547
607,607,449727.9936583042,272426.9521789551
608,608,432044.17362976074,288573.146484375
609,609,426509.3123397827,293688.3750305176
610,610,428574.2130432129,304630.37593078613
611,611,419461.2029876709,299342.7262573242
612,612,427557.3298377991,294845.7028198242
613,613,414988.89349365234,337259.01683044434
614,614,449290.2909927368,285842.9392089844
615,615,436499.4099807739,308518.88174438477
616,616,406937.49448013306,311659.34393310547
617,617,429193.03395462036,295264.69689941406
618,618,414135.20056152344,316360.67025756836
619,619,402022.0647659302,306469.32806396484
620,620,418113.3055896759,372782.2500076294
621,621,403230.04302978516,303717.57067871094
622,622,403191.59839630127,306810.81759643555
623,623,401166.6953678131,305164.1030883789
624,624,398188.5134048462,311322.89849853516
625,625,398245.20205688477,327922.4125671387
626,626,398682.95475006104,318107.84020996094
627,627,409536.1458053589,331311.8667602539
628,628,406876.4381637573,299446.7999267578
629,629,417429.3804073334,325322.63720703125
630,630,399148.6022415161,334932.78271484375
631,631,414065.99700927734,352306.4348449707
632,632,411053.240272522,297258.8620605469
633,633,412907.30147743225,303557.97021484375
634,634,399726.8881378174,316084.2897949219
635,635,393958.06426620483,302741.49212646484
636,636,393475.4172439575,314189.63885498047
637,637,403266.611164093,309728.39306640625
638,638,398927.4735336304,311361.7253417969
639,639,404177.2284851074,318035.267578125
640,640,395132.91499710083,337725.9827270508
641,641,400029.75553131104,332064.21269607544
642,642,408317.14946365356,326852.10009765625
643,643,408978.3344345093,317737.79052734375
644,644,398457.6780090332,322705.52529907227
645,645,396535.73321533203,302073.38189697266
646,646,420886.3109436035,394313.58950805664
647,647,388776.7211074829,339376.1253890991
648,648,399864.6799316406,375189.7318649292
649,649,489486.007645607,350889.00930023193
650,650,475138.7528142929,319136.427318573
651,651,423384.3126754761,306557.0423259735
652,652,418214.097158432,305404.1809616089
653,653,413205.1837024689,303295.8373718262
654,654,411844.8282737732,313417.96963500977
655,655,409415.0665283203,314581.17066955566
656,656,403528.8760986328,320255.46745300293
657,657,403458.02250671387,321643.9493560791
658,658,403591.2524719238,322761.3356628418
659,659,400246.4202079773,299122.49310302734
660,660,401407.7129936218,329850.50341796875
661,661,397037.0551452637,299326.72479248047
662,662,397970.0985031128,340207.02670288086
663,663,394610.75911712646,324259.0255432129
664,664,390738.7947540283,332845.9556274414
665,665,390709.0362854004,336673.8015136719
666,666,392586.95051574707,328542.74627685547
667,667,388018.8340084553,315889.123046875
668,668,390911.6432248354,329005.8141479492
669,669,382402.0143661499,303729.76080322266
670,670,391722.11946105957,353985.03062438965
671,671,384549.3093185425,333226.0128555298
672,672,411217.3203086853,320206.4969329834
673,673,382845.41789245605,328593.41955566406
674,674,383042.5265045166,353373.39613342285
675,675,403791.85300159454,323720.30531311035
676,676,390221.616897583,316134.39654541016
677,677,384821.4218521118,335968.0679779053
678,678,387684.5293045044,353074.2301197052
679,679,374563.88471984863,323223.5530395508
680,680,389670.1347732544,303616.55322265625
681,681,396802.3086242676,319463.28338623047
682,682,392918.4674978256,339810.3212890625
683,683,377657.098526001,318199.61923217773
684,684,398567.55962753296,318159.8676452637
685,685,384081.45976257324,337730.48178100586
686,686,381861.0406398773,322845.43908691406
687,687,384478.60821533203,328679.1650695801
688,688,384863.2547340393,319851.69006347656
689,689,381087.488155365,326745.4312133789
690,690,404694.2798461914,324840.0506591797
691,691,381787.8290023804,340853.71447753906
692,692,384756.8454437256,323359.87811279297
693,693,378325.1787414551,328739.70208740234
694,694,391377.40885925293,343458.1865282059
695,695,371133.6629714966,337688.4881286621
696,696,383592.9144592285,368047.8582763672
697,697,417480.816696167,317448.0962524414
698,698,380690.45656967163,319031.2180175781
699,699,374400.24478149414,317124.7575683594
700,700,386492.3023376465,343261.47883987427
701,701,373319.2833175659,373665.8839111328
702,702,406718.394241333,363246.4791870117
703,703,377462.0211277008,340662.27923583984
704,704,388980.6058731079,360010.78731918335
705,705,407851.4581565857,335597.5376586914
706,706,378680.5512084961,335062.7957763672
707,707,380558.610452652,361909.7128715515
708,708,376341.62825775146,329345.2572784424
709,709,379269.9200421572,346216.3617248535
710,710,369541.76343536377,362533.5580558777
711,711,410824.87017822266,305122.7947692871
712,712,414167.23846435547,306529.0680847168
713,713,391662.0193634033,321802.78213500977
714,714,381389.2436847687,338807.2988538742
715,715,379140.3536148071,354062.9117279053
716,716,378989.34942626953,375272.7691421509
717,717,388689.2480239868,349610.573928833
718,718,377080.936668396,325872.93601989746
719,719,378879.95375061035,387041.5798034668
720,720,433457.5269622803,359213.82824993134
721,721,402385.04901504517,355665.0355987549
722,722,380702.1394805908,286861.08264160156
723,723,383959.3183288574,320528.440032959
724,724,374806.98697662354,358199.2299103737
725,725,382647.6071205139,321654.072265625
726,726,399034.74869537354,433471.814453125
727,727,420912.1643733978,321119.13806152344
728,728,401392.4243774414,356458.46759033203
729,729,399220.1070098877,370831.04650878906
730,730,392598.10177612305,376446.0460510254
731,731,379960.42904663086,375790.9366760254
732,732,439077.60160827637,400614.2151069641
733,733,460976.7354888916,371252.7119216919
734,734,450669.31936597824,348487.49896240234
735,735,362815.0733980201,359382.7463989258
736,736,467237.81437301636,347745.28804016113
737,737,440194.97395706177,335245.60469818115
738,738,434985.3661174774,342015.8193740845
739,739,430579.16412353516,337090.87187194824
740,740,411901.15899658203,333844.07189559937
741,741,399195.6197576523,335460.02495765686
742,742,386014.3673095703,336453.688457489
743,743,374988.2963256836,342323.096157074
744,744,373033.4861564636,345180.5584640503
745,745,377836.5747680664,352747.33584213257
746,746,397523.06073760986,460473.38692855835
747,747,387741.38007736206,354532.4213562012
748,748,389407.00398254395,411585.57194566727
749,749,415777.4362640381,425525.0125427246
750,750,383422.5944824219,416454.2680387497
751,751,381438.3620529175,414998.3391447067
752,752,379341.8382873535,418561.5519065857
753,753,386924.8490753174,360403.7214126587
754,754,382699.59320259094,377680.14391326904
755,755,377548.87650871277,358674.4821166992
756,756,389787.64572143555,339448.4693450928
757,757,382385.3243942261,302216.8176879883
758,758,462762.9299836159,336555.8104381561
759,759,413602.42670059204,360545.66234588623
760,760,408371.06640815735,356626.7439804077
761,761,413238.644695282,368139.60260009766
762,762,422675.6889038086,351793.2088165283
763,763,412251.2950935364,356382.08908081055
764,764,406814.4959487915,352254.0806007385
765,765,416891.67419815063,347374.4044418335
766,766,430454.78991889954,302657.6739501953
767,767,420504.26823425293,341897.5794067383
768,768,413011.51989746094,335659.429708004
769,769,407990.35813236237,345460.4501800537
770,770,411189.31032943726,315538.23791503906
771,771,419193.37802124023,311798.9963378906
772,772,424871.73347473145,370387.75213623047
773,773,395203.63921165466,358909.44983673096
774,774,394557.4859313965,358958.64376831055
775,775,408656.7954750061,303508.8989562988
776,776,486010.8774032593,277950.6799926758
777,777,466718.70828819275,313477.9489746094
778,778,425068.57344055176,330145.89166259766
779,779,422773.9732093811,324349.35986328125
780,780,402123.652381897,325639.31329345703
781,781,398612.0447463989,327392.7071533203
782,782,392564.6200866699,329443.6931152344
783,783,385640.2309036255,333678.55450439453
784,784,399268.91796875,371307.9287109375
785,785,417347.587310791,331538.04412841797
786,786,388385.0228805542,311422.3180541992
787,787,385278.275100708,333540.8114013672
788,788,383984.26692199707,325260.40313720703
789,789,385878.2537384033,329572.7453613281
790,790,380990.18185424805,338826.5646057129
791,791,386701.00343322754,339780.1646118164
792,792,387221.3670349121,324613.70428466797
793,793,379038.9649963379,329329.9052734375
794,794,380548.47438049316,333347.0287475586
795,795,379282.8911342621,332793.15936279297
796,796,381440.2411289215,335648.3569946289
797,797,380857.59574508667,341183.50079345703
798,798,378237.0117378235,343771.3267440796
799,799,375618.117433548,350619.56692123413
800,800,370394.3354663849,335318.2272605896
801,801,372839.21603393555,350598.4416656494
802,802,373391.78586006165,343713.85974502563
803,803,373332.8277282715,366059.5059623718
804,804,370728.27924728394,357318.2851791382
805,805,380697.10714912415,338399.38542175293
806,806,374422.7699584961,351899.6763191223
807,807,366501.9740829468,352044.9892692566
808,808,367000.0643234253,362936.7232208252
809,809,373998.58013916016,364365.8473339081
810,810,374420.02674102783,365890.7000980377
811,811,364459.12187957764,361222.55342292786
812,812,364718.9652633667,359893.05185222626
813,813,367187.9253234863,359636.51623916626
814,814,374666.1743850708,355748.8737716675
815,815,379182.39518737793,320520.33392333984
816,816,383502.9224243164,341904.7556152344
817,817,377521.848236084,340513.54724121094
818,818,366382.94385528564,361008.4703216553
819,819,383102.2824707031,353879.6092042923
820,820,368871.4105911255,340154.5548248291
821,821,367487.2320404053,359883.4263057709
822,822,367684.8028821945,337015.08923339844
823,823,375628.89042282104,348231.6717338562
824,824,372644.153427124,352825.3567619324
825,825,362869.0979089737,364472.0944786072
826,826,371450.33055877686,344910.77041625977
827,827,370141.3548631668,346563.930770874
828,828,369544.1561203003,352694.5185165405
829,829,377416.81882476807,348166.59161376953
830,830,369003.9740447998,344892.050239563
831,831,377719.837890625,363018.19731140137
832,832,366457.5988173485,382886.6236343384
833,833,363167.11016845703,356426.4649925232
834,834,375491.83361816406,351812.7622909546
835,835,362892.1647796631,352177.0408477783
836,836,375075.76046180725,331079.6945800781
837,837,367645.77668762207,351615.9149398804
838,838,365604.920501709,362859.3286719322
839,839,363965.4719295502,363255.7300338745
840,840,355526.0492591858,322864.01834106445
841,841,364447.7080230713,390627.67006492615
842,842,406290.62254858017,329465.876452446
843,843,403643.00818634033,324956.0109863281
844,844,377688.1332702637,330048.0100402832
845,845,363223.4746246338,312596.9253540039
846,846,391262.06759643555,315927.9307861328
847,847,380970.9875946045,357022.2077741623
848,848,376350.0225868225,336530.0717163086
849,849,358756.2344055176,348734.8678894043
850,850,361638.10090637207,351801.3566746712
851,851,362133.05117177963,347579.444442749
852,852,366612.55728912354,344369.65463256836
853,853,367809.1969680786,360617.65406417847
854,854,356123.8508911133,348387.8543243408
855,855,365040.6923389435,366942.57347106934
856,856,386357.0973434448,350256.28223609924
857,857,368488.661277771,338872.95584106445
858,858,362466.41342163086,338371.0825500488
859,859,363215.05894470215,354866.5486679077
860,860,374566.1545410156,345943.5317840576
861,861,360490.1518859863,344373.51260375977
862,862,367692.5339202881,351409.70242500305
863,863,356129.9101600647,352074.33071136475
864,864,365339.7889251709,349425.90312194824
865,865,357034.9103164673,323971.24841308594
866,866,372297.4913635254,356208.5439224243
867,867,355116.2353820801,358819.38027614355
868,868,358600.0363769531,336886.6597595215
869,869,377962.3594760895,339495.23486328125
870,870,368476.88637542725,358420.14339637756
871,871,375684.19633197784,346705.78060913086
872,872,364767.21815109253,355782.7854614258
873,873,353266.0092315674,354221.38287353516
874,874,356834.6221008301,363294.3212585449
875,875,352958.20794677734,344788.16230773926
876,876,350545.6224822998,355737.6513442993
877,877,356570.0322275162,368908.7700500488
878,878,355611.1187515259,345776.62281799316
879,879,359746.6555633545,349249.8571166992
880,880,355377.54346466064,336701.1816711426
881,881,360080.97229766846,364074.8825302124
882,882,350433.80477142334,369255.2252006531
883,883,379080.48080444336,354898.26194763184
884,884,351524.6591386795,348083.6298980713
885,885,356218.52743530273,366563.7960510254
886,886,353480.2939090729,371408.4132938385
887,887,365744.07092285156,342473.62225341797
888,888,350754.70166778564,399014.43134117126
889,889,383751.8930053711,360430.76152706146
890,890,351143.1253051758,328905.78817749023
891,891,377451.83319091797,340877.0271759033
892,892,356439.6545791626,346497.6080169678
893,893,356780.37579345703,342760.826877594
894,894,354094.85775756836,338996.70808410645
895,895,346783.1685581207,372523.09588623047
896,896,350277.13358306885,375427.0502357483
897,897,409658.7974700928,579781.4666137695
898,898,493311.9412498474,329527.36584472656
899,899,392546.71673583984,372910.2664260864
900,900,355249.8544616699,365343.7891845703
901,901,354318.7492828369,367037.7904510498
902,902,351635.2543334961,371567.20458221436
903,903,355288.0382080078,364854.5269470215
904,904,356481.5049381256,347454.8894042969
905,905,352264.3481903076,375797.7547149658
906,906,349394.8710728884,369519.58599090576
907,907,358969.25895118713,388726.006942749
908,908,354876.1637573242,391533.9821434021
909,909,362111.06715393066,362595.51985168457
910,910,345604.8617577553,376305.873046875
911,911,361068.525554657,388061.30627441406
912,912,347983.45126342773,386430.42446136475
913,913,345159.60526275635,387668.85532951355
914,914,347894.41175842285,371335.77308654785
915,915,349422.8158187866,399785.38458538055
916,916,343958.47827911377,376949.44940185547
917,917,344454.5941467285,344502.8829345703
918,918,363981.0051574707,367674.82360839844
919,919,347264.43938446045,407430.43918037415
920,920,358336.7043609619,360091.0645904541
921,921,349375.88276672363,349281.6923522949
922,922,357419.2298736572,379123.5032348633
923,923,343774.8059692383,359115.19397735596
924,924,343746.6541366577,384653.72173690796
925,925,406684.7010192871,389723.0248565674
926,926,430189.5961856842,359827.2652487755
927,927,393785.1350708008,359315.3773384094
928,928,384997.1898012161,349090.06523132324
929,929,393734.9691467285,354638.1610145569
930,930,385925.46044921875,328919.6411895752
931,931,378115.68448638916,338980.1417694092
932,932,388671.39680862427,290774.4053955078
933,933,392714.19204711914,332663.27182006836
934,934,344917.12263298035,333328.97131347656
935,935,348030.62156677246,334099.9036254883
936,936,344410.34967422485,339679.9233703613
937,937,343221.2118988037,336326.8744812012
938,938,342192.73696899414,401903.08158779144
939,939,369135.37295532227,433771.2565956116
940,940,403599.37915992737,441212.54093933105
941,941,411704.5705871582,396424.8215866089
942,942,391582.13986206055,363661.5933532715
943,943,363480.15074157715,387945.8212890625
944,944,352510.44122314453,390608.8573913574
945,945,350083.24658203125,396087.3053588867
946,946,366037.28341674805,387981.64374542236
947,947,355466.8290615082,368401.76110458374
948,948,373088.79821777344,373487.31413269043
949,949,344886.20889282227,365223.46524620056
950,950,351653.0272769928,367604.15409088135
951,951,347107.5939025879,360917.7098083496
952,952,347693.89085769653,373964.8022155762
953,953,363562.14836120605,377663.4165878296
954,954,349627.9695587158,385371.95808410645
955,955,361853.7402648926,368736.19008636475
956,956,376798.99913692474,361203.89752197266
957,957,354153.183549881,360710.5982055664
958,958,351786.02450561523,361488.1480407715
959,959,349278.556640625,370062.34841156006
960,960,344293.07300567627,382634.10443115234
961,961,351605.6049041748,380824.8955593109
962,962,353325.1259384155,374048.0309524536
963,963,341737.58140563965,381530.2379627228
964,964,360581.0711212158,368362.9450683594
965,965,352277.6684150696,348061.98638916016
966,966,374007.06343078613,499974.0670776367
967,967,369994.7870221138,484402.6261100769
968,968,363745.60359191895,416024.28924560547
969,969,375964.2239866257,476923.6350402832
970,970,377680.02300977707,485776.72046661377
971,971,370762.16996765137,462140.01232910156
972,972,360804.1519393921,493410.5890350342
973,973,374546.2105560303,463122.23359680176
974,974,393805.8744506836,417948.9768753052
975,975,422946.926361084,439203.4601364136
976,976,423716.18379211426,439314.09552001953
977,977,389293.6618041992,350432.02209472656
978,978,371004.99841308594,363199.18981933594
979,979,365564.0154571533,375095.7192993164
980,980,357658.5254898071,387764.84058380127
981,981,351138.5724468231,365865.4839401245
982,982,356155.35094451904,404451.25842285156
983,983,357613.61982536316,400272.0358428955
984,984,348655.73487854004,394516.91569519043
985,985,349082.2608566284,391130.95837402344
986,986,349207.17649292946,400444.77920532227
987,987,350173.3490142822,389718.80322265625
988,988,344019.8102636337,386683.214553833
989,989,348574.4277076721,380946.33100891113
990,990,355733.897026062,363760.2504272461
991,991,351758.12790742517,368122.54529571533
992,992,347236.7278404236,373431.4547805786
993,993,344662.2343711853,389958.54914855957
994,994,343839.6235733032,400948.4348449707
995,995,343918.36557769775,395297.59197998047
996,996,343079.56103515625,389700.27421569824
997,997,346578.2631149292,391315.299407959
998,998,351007.8974494934,387535.02221393585
999,999,340276.02086639404,380897.9785461426
