epoch,training loss,validation loss
0,507374.04109191895,332355.3661766052
1,505834.77920532227,327537.99938964844
2,503640.036447525,324072.42420578003
3,504904.3544769287,322869.5100822449
4,504822.8128223419,322827.96392059326
5,508128.4514503479,322887.8934249878
6,503187.4701309204,327424.20613861084
7,505528.1760253906,321059.6763381958
8,504804.251493454,320355.6100692749
9,494250.559091568,326383.934425354
10,512445.44372558594,326583.7042694092
11,508800.24255275726,320051.7265472412
12,502285.673828125,319128.7647476196
13,501052.04864501953,325900.30506134033
14,502797.62044525146,318097.18714141846
15,502195.2015838623,317334.2546386719
16,501267.64711761475,316426.3863143921
17,501230.9929962158,316408.6009750366
18,506737.20238494873,324615.02671813965
19,501319.21813964844,315875.0500640869
20,499355.3103942871,315085.1474685669
21,501324.5177593231,314278.8356933594
22,498892.61044692993,313987.70947265625
23,503060.4670715332,313233.9346847534
24,498798.3960571289,312654.2586593628
25,493226.696685791,322870.8397369385
26,509289.73851776123,312069.96503448486
27,495076.0670776367,322484.24613952637
28,510352.7771682739,322675.4349517822
29,501809.9645996094,311982.6026992798
30,502489.8144302368,319960.3377532959
31,498195.47971343994,310427.94921875
32,497933.8354434967,310684.54651641846
33,499909.974029541,309978.11573791504
34,500455.9884033203,309486.85774230957
35,498724.80868530273,309320.5919036865
36,497562.81172180176,308812.57888031006
37,501065.2532424927,308638.0178451538
38,497498.1999511719,308265.1341705322
39,497298.3194580078,307792.0039138794
40,490418.57611083984,320863.1467437744
41,513982.4832687378,307852.3094177246
42,497265.58547592163,307662.5066680908
43,497143.81533813477,306834.6581802368
44,497116.993976593,306898.2268295288
45,503635.05615234375,307526.79064941406
46,497193.1061706543,306817.40814971924
47,497037.42123413086,306091.47413635254
48,496810.7612609863,305886.62044525146
49,496827.96781921387,305573.93908691406
50,501539.0025177002,305585.030670166
51,497252.6606750488,304899.420463562
52,496746.8748474121,304916.73416900635
53,496721.22509765625,304798.21726989746
54,496913.2483596802,304834.9947052002
55,498334.9467010498,304396.00202178955
56,496698.77839660645,303926.56397247314
57,496599.74632263184,303874.6139602661
58,498131.06243515015,303649.688041687
59,496615.17877197266,303630.40688323975
60,496620.4222717285,303223.4740753174
61,498586.7964172363,303394.6473617554
62,496594.1620788574,303169.8926086426
63,496487.8260746002,302908.1922683716
64,496474.24684143066,303077.61238098145
65,496582.83253479004,302394.2515029907
66,496437.7760620117,302456.29540252686
67,496358.29469299316,302245.30799102783
68,465979.59774780273,318661.5149230957
69,532287.7233505249,319105.1994781494
70,517063.5233345032,319558.9785003662
71,498846.547454834,319515.11906433105
72,511780.7942519188,319650.7307434082
73,506629.05236816406,306084.54317474365
74,497408.453994751,320111.9745941162
75,500996.8918457031,305789.8684539795
76,496810.8202819824,305379.12742614746
77,492659.06118392944,319739.00093078613
78,510316.0139770508,305122.4019088745
79,496782.02533245087,305209.18032073975
80,496738.03953552246,304600.46044158936
81,496659.52627563477,304447.7320022583
82,496751.4548034668,304418.1777496338
83,499599.59158325195,304019.81216430664
84,496604.2058792114,303841.19456481934
85,496719.6650695801,304005.3088684082
86,500748.0668029785,303762.15229797363
87,496596.38555908203,303311.49634552
88,496502.73316955566,303260.39192199707
89,496461.19382476807,303290.51097106934
90,496486.155960083,303286.690032959
91,493821.3326358795,318949.4658508301
92,515821.5866699219,303806.39280700684
93,496549.62451171875,303760.9966278076
94,496515.57833862305,303279.5801010132
95,496477.3966217041,302915.0190734863
96,496438.17321777344,302765.77072143555
97,496426.18359375,302812.46156311035
98,496558.5400238037,302165.5182418823
99,496418.2918395996,302263.61685943604
100,496356.46102142334,302186.93392944336
101,496422.4331665039,302020.76457214355
102,496367.1922454834,301791.2889328003
103,496391.08418273926,301985.3825073242
104,497402.5026397705,301593.8655471802
105,496413.9913635254,301194.9281539917
106,496356.19035339355,301454.0803451538
107,500380.66401672363,301377.83016204834
108,496408.97004699707,301581.94648742676
109,496278.3394088745,301304.9917755127
110,496270.9120788574,301375.91316986084
111,496312.32357788086,301184.365486145
112,496257.76780700684,301212.8187789917
113,496397.7077484131,301144.94943237305
114,496325.0031814575,301063.2698287964
115,496242.26748657227,300704.26317596436
116,497401.2151184082,300565.3324508667
117,496240.0270843506,300492.9097518921
118,496271.1138458252,300632.63692474365
119,496253.91651916504,300496.7709655762
120,496224.2234954834,300326.67071533203
121,498327.7120666504,300553.07260131836
122,496350.103805542,300384.2134094238
123,496367.2388305664,300429.44161987305
124,496369.92863464355,300067.30296325684
125,473917.4111022949,317703.1742858887
126,511013.4008102417,317863.78547668457
127,500823.7631225586,299498.3106613159
128,496165.31531715393,299780.6766281128
129,496286.18366241455,299294.53981018066
130,496417.33324432373,299530.93228912354
131,496338.12309265137,299517.4406051636
132,496261.8499145508,299627.4214248657
133,496384.27014160156,300055.2710952759
134,496253.4968261719,299828.01962280273
135,496283.8492088318,299710.85188293457
136,496397.87116241455,299674.92890930176
137,496198.00048828125,299737.8639602661
138,496380.8950805664,298974.84857177734
139,496235.57552337646,299249.4194869995
140,496242.918548584,299425.5223617554
141,496165.31423950195,299264.1527938843
142,499797.0989379883,299237.197227478
143,496188.5842895508,299494.93424224854
144,496365.4359741211,299524.2969055176
145,496214.217880249,299467.3634033203
146,496372.22859191895,299252.19734954834
147,496326.6071548462,299240.9249572754
148,496240.9718322754,299222.236618042
149,496238.1358642578,299391.7352523804
150,496272.54836273193,299204.4851989746
151,496251.7044830322,298860.72241973877
152,496160.5346374512,299127.8677215576
153,496340.1014289856,299137.57817077637
154,496158.7176513672,299057.1585159302
155,496169.56689453125,299156.54695892334
156,496177.3584289551,299098.12341308594
157,496239.04513549805,298909.59995269775
158,497465.0552215576,298638.31564331055
159,496221.05657958984,299191.38179016113
160,496169.280960083,299227.9351501465
161,496265.15702819824,299080.77001190186
162,496269.39222717285,299077.4708023071
163,496186.20680236816,299217.43449401855
164,496227.818359375,299290.5116882324
165,496309.4077911377,299224.776473999
166,496241.4320983887,299201.76599121094
167,496194.7390899658,299000.76136779785
168,496143.5418243408,298921.4399795532
169,496221.8297653198,298766.7232513428
170,497590.0057182312,298767.03662109375
171,496188.6164703369,298904.45403289795
172,496327.5684738159,299348.96183776855
173,496367.5848236084,299314.71295166016
174,496353.8400039673,299105.5656051636
175,496194.73626708984,298701.6633911133
176,500178.7824707031,298656.96798706055
177,496485.5168762207,299548.9966888428
178,496272.17359924316,299179.2449798584
179,496396.853225708,299012.4580459595
180,496295.5048675537,299314.04371643066
181,496211.9502258301,298877.68350219727
182,496216.9659423828,299092.0414657593
183,496421.65463256836,298805.0725708008
184,496470.9953956604,298986.2484283447
185,496180.7068862915,298650.79079437256
186,496268.26808166504,298946.7078399658
187,496213.32453918457,298892.8919143677
188,496319.0390777588,299155.272857666
189,496324.0988292694,298659.2922439575
190,496237.7484817505,298842.08656311035
191,496187.307220459,298687.29666137695
192,496318.98945617676,299124.5398712158
193,496238.3043823242,298790.77641296387
194,496201.6480255127,298681.91371917725
195,496151.6789855957,298786.38025665283
196,498420.7189025879,298724.8921737671
197,496195.8235015869,299090.9015197754
198,496280.5993041992,298520.6236038208
199,496230.6844024658,298542.3288116455
200,496273.1566619873,299250.24433135986
201,496108.47229003906,298826.5195236206
202,496437.31520080566,298889.95793914795
203,496281.8946685791,298666.5389251709
204,496301.6777496338,298427.7474975586
205,496248.2572784424,298846.1958465576
206,496185.08016967773,298806.1344604492
207,496272.475189209,298924.9415435791
208,496149.1386413574,298631.42948913574
209,495423.3931121826,298589.8630142212
210,496137.0589752197,298631.6116409302
211,496680.88579940796,298768.63399505615
212,497934.00061416626,298809.9362640381
213,496390.4477996826,299156.6707992554
214,496323.5416107178,298370.602935791
215,496267.23847961426,298207.5641784668
216,496237.84100341797,298982.3015136719
217,496139.8474121094,298957.3930358887
218,496300.9045715332,298163.5944595337
219,496198.55500793457,298566.1944351196
220,496185.98262023926,298731.5743713379
221,496148.162979126,298728.8244781494
222,496177.7096862793,298664.4535446167
223,496327.500831604,298352.64527893066
224,496330.91302490234,298894.59188079834
225,496225.65234375,298521.93536376953
226,496188.72271728516,298422.41428375244
227,496435.22006988525,298753.79330444336
228,496122.4385986328,298494.97525024414
229,496187.8324737549,298506.13471221924
230,496169.73152160645,298289.9408187866
231,496163.59910583496,298469.39375305176
232,496181.02529907227,298587.5858230591
233,496281.07748413086,298089.1081237793
234,496112.5001525879,298636.92024230957
235,496253.9870300293,298569.78591918945
236,496217.3260650635,298776.48334503174
237,496276.8698501587,298772.9730377197
238,495351.3447647095,298277.7190246582
239,502115.729888916,298731.251663208
240,496236.92824172974,298855.78940582275
241,496274.1301269531,298756.3734588623
242,496181.10470581055,298661.7343673706
243,496215.3150482178,298576.5501937866
244,496256.8229827881,299023.38053131104
245,496245.74644470215,298878.1148529053
246,496206.45307922363,298607.7248687744
247,496148.3217315674,298511.2770614624
248,496387.35792541504,298328.4442214966
249,496148.86657714844,298870.0911254883
250,496211.8657684326,298888.0427932739
251,496131.6562576294,299024.10623931885
252,496448.081451416,298000.2978744507
253,496335.14167785645,298961.9652786255
254,496091.723739624,298836.14083862305
255,496341.37185668945,298087.27754211426
256,496228.13748168945,298910.88593292236
257,496270.3182525635,298618.8115615845
258,496253.4490814209,298877.62811279297
259,496277.16959381104,298995.50135040283
260,496169.1099700928,298488.759223938
261,496149.8414916992,298633.78608703613
262,496091.9855041504,298974.99379730225
263,496241.7651977539,298386.490196228
264,496265.3973083496,298154.26891326904
265,496099.6907196045,298511.4108886719
266,496199.5961608887,298564.3293762207
267,496275.66455078125,298312.3431930542
268,496072.79794311523,298602.15255737305
269,496156.06365966797,298738.6411972046
270,496253.0082092285,298852.15982055664
271,496344.3720397949,299190.0923919678
272,496181.17599487305,298968.04914855957
273,496136.17150878906,298902.1701660156
274,496303.17738342285,299010.9002456665
275,496066.2805252075,298679.3864212036
276,496149.7436218262,299040.5653915405
277,496133.3035888672,298753.5990829468
278,496373.5636444092,299270.7961807251
279,496013.3197631836,298931.7381820679
280,496097.917388916,299213.06928253174
281,496563.10916137695,298464.91108703613
282,496130.99836730957,298201.31858825684
283,496104.255569458,298422.7005844116
284,496277.44661712646,298542.24658203125
285,495959.4732513428,298909.9832763672
286,496252.6354370117,298348.7569732666
287,496129.9691314697,298404.7950592041
288,496170.50787353516,298512.6368331909
289,496134.1003398895,299347.2263031006
290,496171.7375488281,298765.35652923584
291,496543.1998901367,299325.4804458618
292,495923.1631011963,298895.9909667969
293,496042.77978515625,299540.6255264282
294,496075.50228881836,298294.48348236084
295,496647.18464660645,299352.4446258545
296,495956.0451965332,298794.4649887085
297,495910.55529785156,298899.78103637695
298,495870.748336792,298478.7170410156
299,496051.88217163086,298981.1580505371
300,495877.59686279297,298657.96072387695
301,496636.42150878906,299682.0412750244
302,496859.4382171631,299019.2255554199
303,496671.26776123047,298760.8990325928
304,498778.5508804321,298632.9365158081
305,495755.93311595917,299659.2137145996
306,497027.04695892334,302223.22158813477
307,495168.7505264282,299039.50802612305
308,495626.5236816406,298273.0811691284
309,496048.1448364258,300420.9075317383
310,496076.7593841553,300476.1866226196
311,495650.41024780273,298617.47290802
312,495499.7272949219,298313.3681716919
313,495830.2464904785,299366.53158569336
314,495965.119140625,298714.4072113037
315,495361.8077926636,299409.09928131104
316,495551.25186157227,300093.25482177734
317,495567.99142456055,299298.6859893799
318,495784.2843017578,301032.85901641846
319,496023.88330078125,301944.18756103516
320,495897.67642211914,299892.6708602905
321,496143.16358947754,298275.92750549316
322,495904.07835388184,296556.13245391846
323,496346.62588500977,296470.01749420166
324,495309.7206878662,303051.666305542
325,495644.3850708008,302643.07208251953
326,495685.8565673828,299550.51724243164
327,494337.04180908203,296266.0235748291
328,494635.22412109375,305298.74310302734
329,496202.53033447266,304292.0476989746
330,494027.0517578125,298316.4354095459
331,494994.6662750244,301637.74224090576
332,495742.5085296631,296203.3183898926
333,494549.9875488281,295783.5452346802
334,493098.9653015137,295650.6050567627
335,498683.6613922119,295025.8101577759
336,496723.2878417969,296206.7562713623
337,496360.86834716797,296219.09493255615
338,496332.0199584961,296609.7837677002
339,496196.54277038574,296807.0574569702
340,496309.54763793945,296628.7978210449
341,496035.9636993408,297056.67572784424
342,496141.68115234375,297578.25650787354
343,496281.7282562256,297100.93939208984
344,496108.31365966797,297617.17542266846
345,496018.6095123291,297393.6940917969
346,495843.0298156738,298550.0586242676
347,497070.50814819336,299483.4913787842
348,496358.3908691406,297614.22412109375
349,496843.72329711914,299346.2035675049
350,496700.93327331543,297392.1732406616
351,496387.9265823364,298790.7346496582
352,495778.32513427734,298254.3766479492
353,496163.39865112305,297982.321434021
354,495715.3464355469,298428.88342285156
355,496093.37828063965,299810.0012207031
356,495763.2279510498,299530.05463409424
357,495884.2412414551,299585.346824646
358,496304.815826416,298613.53162384033
359,495258.40754699707,301664.87173461914
360,495912.8730621338,298349.6447906494
361,495296.3935546875,300033.14837646484
362,495636.7889099121,303432.28840637207
363,495080.2420501709,297265.340675354
364,495816.9870605469,296769.69760131836
365,496368.3806552887,310780.4228515625
366,499031.7360534668,310290.20108795166
367,497696.6686782837,309901.5855026245
368,497578.97745513916,309373.10819244385
369,504407.8106689453,317376.92067718506
370,502140.0901184082,309656.3324203491
371,497681.710647583,316400.6863708496
372,498841.1926879883,314439.5464248657
373,498195.35454559326,311776.94900512695
374,497835.7132034302,309883.5004425049
375,497344.49366760254,308774.5854034424
376,497241.00190353394,307465.49952697754
377,496938.7378349304,307099.70319366455
378,496920.4041595459,307573.12981414795
379,496873.73095703125,306143.0438232422
380,496553.3436279297,306401.1046142578
381,496668.88215637207,306173.5199661255
382,496545.6672973633,305731.0424346924
383,496407.58406829834,305095.3519515991
384,496458.2660293579,305390.49297332764
385,496235.6204223633,304562.43759155273
386,496446.83460998535,303540.17169189453
387,496542.7224121094,303635.4985809326
388,496111.9588623047,304289.54680633545
389,495853.0316925049,303570.8203048706
390,496014.4881744385,303520.46800231934
391,496024.5530395508,303351.06188201904
392,495915.0250854492,304061.8611831665
393,495816.0339050293,301949.40689086914
394,495671.93029785156,299794.36305236816
395,495271.18811416626,302852.87058258057
396,494539.02032470703,299198.308555603
397,493973.8476715088,300876.73916625977
398,496033.98011016846,295512.6071243286
399,495889.65507507324,295980.8358001709
400,495018.50929260254,295872.7199020386
401,492878.55253601074,302318.9380340576
402,494515.8201904297,293322.81480407715
403,495686.04386901855,295580.455657959
404,495765.9082336426,294095.20627593994
405,494732.97566223145,295553.90155029297
406,493434.7882118225,299249.6909713745
407,493791.7488555908,289763.0919189453
408,493597.21684265137,312409.3438873291
409,492589.4511489868,294826.15422821045
410,491014.9145050049,303753.83139801025
411,497458.2367858887,315169.31620025635
412,497448.6950073242,311261.56465911865
413,497106.60681915283,297047.7617492676
414,493728.9286804199,297422.47161102295
415,494891.6593322754,296939.4629898071
416,491857.1245174408,300430.82582092285
417,494248.797454834,291102.6249923706
418,495849.6166381836,310021.8623046875
419,494477.48051452637,299880.1587982178
420,493005.2272949219,297853.98710632324
421,493398.2547607422,300206.51301574707
422,494457.31900024414,298641.6289367676
423,492809.31133270264,313219.72090911865
424,495894.8959655762,298366.9966430664
425,492304.7392272949,292174.4103240967
426,491116.47259521484,299930.54025268555
427,491599.9860687256,286273.3475418091
428,489357.91607666016,295669.49660491943
429,493407.4133758545,308053.37927246094
430,495826.5150604248,307854.50022125244
431,495433.10846710205,306957.8745651245
432,495563.4929885864,307358.4314727783
433,494824.8672103882,306320.0806045532
434,494469.5830383301,304481.33613586426
435,495033.70404052734,306046.0047607422
436,493990.85301208496,302994.8772201538
437,493376.11712646484,302880.2343902588
438,493657.29580688477,303719.23835754395
439,493359.1811828613,298476.2387390137
440,493455.3939819336,302278.5348968506
441,497371.07498931885,301554.86365509033
442,493693.7697753906,298851.19133758545
443,495486.1441307068,314374.2126159668
444,492784.7663269043,307849.75593566895
445,506492.79553222656,298832.7438659668
446,491577.0026245117,322065.67806243896
447,501142.14460754395,319549.1414413452
448,499388.71563720703,313662.91188049316
449,497912.4831390381,312890.5421218872
450,497858.0428466797,309280.02014923096
451,496888.9952774048,305880.9689025879
452,496165.7028808594,305621.48320007324
453,496023.2983703613,304649.483543396
454,495968.18954467773,302593.99255371094
455,496285.3788757324,302275.6305618286
456,495423.8349304199,301499.5212020874
457,495568.2947692871,299111.9288787842
458,494559.04096984863,300676.63411712646
459,494694.474319458,297853.8775100708
460,497714.27560424805,300960.1078643799
461,494386.2134399414,297250.1656036377
462,492947.61100006104,298373.8009262085
463,496787.93838500977,303571.43424987793
464,493302.4973754883,298025.57986450195
465,493972.3292655945,292160.92250061035
466,492634.0532684326,305359.1554107666
467,492624.8432006836,291574.60175323486
468,491809.36894226074,302912.4821510315
469,494431.15046691895,290844.885887146
470,496234.48861694336,308216.7912712097
471,489539.3519897461,295575.5136947632
472,500183.7100982666,315626.69762420654
473,497807.4508934021,311711.6389694214
474,496714.9854927063,310337.47620391846
475,500187.46197509766,309937.0625991821
476,496900.9351196289,308332.4496612549
477,492499.6743774414,301469.101102829
478,489376.49949645996,291289.70165252686
479,492317.185546875,306187.7738800049
480,492865.9715423584,308860.8401260376
481,497033.0163574219,312552.4729232788
482,497317.6335449219,311178.0462112427
483,497368.4595794678,309427.35764312744
484,496686.68743896484,308922.0686340332
485,496050.51013183594,307660.3427505493
486,495578.3175048828,305196.07124328613
487,496358.38722229004,302259.10527038574
488,494020.1408920288,289639.88762664795
489,496986.17571258545,289899.4631958008
490,496374.2836303711,290699.43171691895
491,492823.440826416,308739.8667678833
492,497165.07049560547,308144.4099960327
493,495250.5015182495,306595.08946990967
494,494384.11292266846,304958.53968811035
495,495894.4211730957,287301.0231628418
496,498604.33683776855,283675.7902832031
497,497540.0959777832,288070.5848388672
498,497834.51849365234,288865.71129608154
499,497528.65116119385,289048.32973480225
500,497531.41972351074,289249.3094024658
501,497341.86239624023,290438.2029953003
502,497135.8352127075,290309.98805999756
503,497094.84062194824,291003.41902160645
504,497096.3519515991,291381.13456726074
505,496707.61389923096,291619.1106033325
506,496600.30377197266,291878.94092559814
507,496651.5984802246,292733.58877563477
508,496446.44969177246,292869.1504135132
509,496269.84983062744,292972.5238876343
510,496137.80542755127,294027.2829055786
511,495685.92250442505,293943.63204956055
512,496079.96350860596,295154.1939544678
513,495230.87057876587,294923.29961395264
514,495600.53660583496,295808.81146240234
515,496123.67333221436,297797.7389831543
516,495349.9154663086,295339.5842437744
517,495815.849609375,293296.01654052734
518,496192.80361557007,295105.8302230835
519,495837.92364501953,296368.94148254395
520,495665.6419067383,296664.1951599121
521,495222.3253631592,292876.060836792
522,494863.531829834,296598.4304122925
523,496119.8549156189,294439.06803894043
524,495359.3747253418,292555.46418762207
525,498474.9009094238,303624.4566421509
526,495851.15983581543,301578.1503982544
527,495642.5693511963,300660.0562515259
528,495715.61434936523,300646.0009613037
529,495732.27618408203,299065.1308822632
530,495955.3785247803,300364.61946105957
531,495297.440826416,295449.86807250977
532,494437.4390106201,299808.0138168335
533,496948.3160095215,302979.84284210205
534,495809.7416687012,302081.0127029419
535,495926.20422172546,302228.30560302734
536,496136.6332397461,300440.9656524658
537,496084.74502563477,298947.01567840576
538,495942.2788734436,300662.66107940674
539,495376.2214050293,300132.59494781494
540,495594.1823730469,299936.51766967773
541,496294.8078918457,298786.5799026489
542,494902.90017700195,298500.26373291016
543,494956.9496154785,299986.4422683716
544,494724.27505493164,296009.8367843628
545,495606.81619262695,298879.810798645
546,494501.3203125,292572.8892288208
547,495920.60638427734,292387.8094177246
548,493906.86584472656,294816.5191497803
549,495717.9069213867,301072.78927612305
550,494782.7463684082,300104.8190917969
551,496590.24755859375,296680.6786956787
552,495272.2429122925,296024.8563232422
553,493429.3171386719,297286.9843902588
554,494750.62633895874,293682.4510421753
555,493409.5483093262,296342.8950500488
556,497914.0926513672,290817.6181488037
557,493431.92236328125,295911.945022583
558,495483.3020019531,291023.29775619507
559,494736.23623657227,295732.6647491455
560,493684.51625061035,292902.9510574341
561,491605.4522705078,306470.29752349854
562,496339.17791748047,307550.385848999
563,496531.0077972412,306256.9263763428
564,496130.7744140625,305547.74602508545
565,495744.047454834,304718.96281433105
566,496670.9196395874,301444.39363861084
567,494836.88792419434,301895.1499710083
568,495517.9225921631,298377.6472854614
569,494131.36416625977,295068.80739593506
570,493906.0021767616,296311.35176086426
571,493241.15256500244,291368.4091796875
572,491261.2322654724,297167.76389312744
573,494981.1283187866,292185.89502716064
574,492377.22898864746,294059.00148010254
575,491585.2699279785,299631.1824798584
576,494662.34019470215,296344.19048309326
577,493255.7470703125,299354.8421058655
578,493213.0418777466,291221.1416244507
579,491834.03273773193,294256.53691864014
580,490635.7612915039,293888.6808395386
581,493546.3536643982,316097.94298553467
582,498506.635307312,312191.88846588135
583,497388.2999649048,310929.3086090088
584,497039.4239807129,310306.7317352295
585,496071.7794494629,307133.8197479248
586,495514.0734863281,307536.80627441406
587,495315.20013427734,306981.0207977295
588,494778.09272766113,304928.9912033081
589,495034.50102233887,305023.46502685547
590,494492.0925941467,301913.0802459717
591,494280.4560699463,305632.6138076782
592,492168.92948913574,300452.9485015869
593,492871.49267578125,312283.38538360596
594,499443.5280380249,315635.0520553589
595,494239.08739709854,302182.9937286377
596,492879.61224365234,295851.2080154419
597,491121.4348449707,300156.24348449707
598,489536.4350128174,305000.1931915283
599,492202.4425048828,319663.99851226807
600,500833.81185150146,318937.5531463623
601,500386.2677078247,315898.7466659546
602,499377.7186279297,313525.5778427124
603,498090.35667419434,313293.7579574585
604,497877.2980041504,310950.42276763916
605,497270.3006362915,309373.75325012207
606,496613.5785217285,307963.0561828613
607,496170.6708679199,306036.75984954834
608,496080.01330566406,305864.1777496338
609,495856.505569458,303252.21085357666
610,494485.7369232178,302408.6866531372
611,494223.14266967773,295761.7641220093
612,495938.6961135864,301384.2729187012
613,493864.35232543945,294685.9959182739
614,491835.8379135132,296483.46795654297
615,496807.9124908447,308638.1000595093
616,492559.5148525238,290348.2225036621
617,491673.0281982422,292554.69145965576
618,491218.1307373047,290236.89681243896
619,489801.59747314453,288901.3415412903
620,496588.3425292969,287259.74253082275
621,496429.1287841797,288598.7215576172
622,491196.49920654297,290612.0132827759
623,495639.785736084,289961.6572647095
624,496678.98962402344,287434.40480041504
625,498027.88569641113,285285.635635376
626,494421.12605285645,286940.9444885254
627,494551.3634033203,287265.31817626953
628,491153.30082702637,299254.9131450653
629,495385.63410949707,297717.8199310303
630,494978.5149230957,302487.6449279785
631,495715.9932937622,302186.06676483154
632,495400.6688461304,303415.53787231445
633,493900.4451599121,301939.8772125244
634,494147.7532348633,300631.04360198975
635,493363.6895523071,299735.64221191406
636,493354.3819732666,302517.594871521
637,493878.6860656738,304229.04152679443
638,495035.6359100342,300692.3614959717
639,493454.479801178,301534.3080596924
640,493135.014251709,302714.41076660156
641,493018.75817871094,299898.3638153076
642,491497.5936126709,300230.97219085693
643,492262.5092315674,310730.68421173096
644,494141.8158111572,302088.51735687256
645,495292.8913574219,301733.6605606079
646,490919.73680114746,294474.3477630615
647,493355.891204834,292511.5597381592
648,495960.4359436035,294546.4452056885
649,495665.70625305176,294418.94385528564
650,495722.5912628174,294859.3365325928
651,495551.99395751953,295963.67182922363
652,495229.51444244385,296122.9950027466
653,495459.71714782715,296496.0938644409
654,505664.09454345703,378317.9628753662
655,507688.0685272217,388638.446395874
656,508337.9503440857,386059.251663208
657,553270.1529693604,383983.66201782227
658,518405.3537902832,381531.55780029297
659,521702.80891418457,379241.15814208984
660,493196.2841415405,378128.6985015869
661,532409.9588546753,375120.426361084
662,516713.2226715088,373602.0649719238
663,515003.2593841553,371791.30082702637
664,521636.2342681885,369812.532951355
665,499929.93670654297,368737.7361755371
666,509162.832572937,367206.0355758667
667,513220.61279296875,365086.6870803833
668,512463.6733932495,363852.92615509033
669,506372.58462524414,362148.6413192749
670,526720.6264343262,360226.5290107727
671,517042.0968170166,358401.86263275146
672,506915.0187225342,357072.7992668152
673,508849.85063171387,355690.5410003662
674,498287.04250335693,354451.20291137695
675,498518.9848022461,353611.3965950012
676,514138.1456222534,351620.3835506439
677,498609.269241333,350539.5785751343
678,492780.89181518555,349981.6789226532
679,495850.00301361084,349273.66693115234
680,510500.2151489258,348114.70573425293
681,522026.65658187866,346336.32489585876
682,496815.4784851074,344895.95025634766
683,507530.51567077637,343639.93897247314
684,514954.4228439331,343807.3013305664
685,491876.26376342773,343564.99988746643
686,505857.41452789307,343211.3841943741
687,516570.3171386719,341619.7001142502
688,510950.4687652588,340931.4131011963
689,526927.391670227,338828.8861756325
690,502891.8939437866,331838.2422132492
691,498890.46395874023,326995.3625421524
692,504915.6145172119,323183.4273452759
693,495221.7436828613,326701.7448978424
694,503791.0937485695,324296.0250148773
695,504122.1917114258,323791.8315067291
696,514017.56842041016,321719.29876327515
697,504849.77087402344,323195.48807525635
698,506266.68072509766,322831.90704345703
699,510923.0358734131,320610.1897354126
700,507147.47953796387,330496.30938339233
701,509832.6163482666,330159.70636177063
702,492208.80225372314,329362.9064292908
703,514423.39000701904,328473.41328430176
704,504116.1752052307,327476.85092544556
705,507497.3187007904,326837.40752601624
706,513219.3099632263,325093.1835899353
707,501974.3099517822,319124.0365524292
708,483746.3513908386,318278.5503387451
709,490849.9059448242,317835.0071182251
710,496583.56089782715,315522.61029052734
711,491300.22845458984,314956.09759521484
712,494253.36280822754,313041.54543304443
713,509934.34994506836,315632.2675476074
714,496613.2346801758,315373.0162963867
715,499414.30945777893,315247.12882232666
716,489575.46894836426,315265.1114959717
717,495381.7430257797,314823.835899353
718,492874.0824279785,311890.1005859375
719,495275.5387573242,314594.0453414917
720,496060.1088104248,314013.0670776367
721,496268.5333557129,313960.34453582764
722,503495.7280807495,313622.2124481201
723,501655.44538879395,314099.7802886963
724,498938.40535736084,314090.7617340088
725,498629.36416625977,310844.9690322876
726,499501.3071594238,313363.58559417725
727,496923.76777648926,312872.4998245239
728,495504.21450805664,313088.89415740967
729,497967.4036102295,313191.04874420166
730,493071.5777282715,312759.5949707031
731,503823.1011791229,312959.36167907715
732,496414.1049194336,311019.7304458618
733,493699.28995513916,309605.434677124
734,503279.5534667969,312044.8599014282
735,500239.95069122314,312440.3776626587
736,495925.85427856445,312371.2577972412
737,492440.5930786133,312722.3295211792
738,486933.78674316406,312263.0475387573
739,502113.36750793457,311790.36695098877
740,494029.1647949219,309870.1010055542
741,498701.4475708008,311402.62521362305
742,502416.9551086426,309818.0497817993
743,504913.2856140137,310545.58907318115
744,508482.3278064728,307554.8184814453
745,486060.69161987305,307884.4415435791
746,499481.5075073242,306645.99589538574
747,506510.8720626831,306214.23218536377
748,494283.23821258545,309084.7397918701
749,485478.10081481934,308571.3642959595
750,492167.8359680176,307899.3723297119
751,493910.4441833496,306022.40271759033
752,505206.08979797363,305394.3502883911
753,489111.5407714844,309006.19633483887
754,498820.5442123413,307410.5612106323
755,499080.4429626465,304679.6404800415
756,505895.6393432617,304667.0022659302
757,490187.47717285156,302983.8166503906
758,505333.8024749756,305414.705657959
759,504287.97802734375,303215.4339752197
760,492707.1364746094,305268.9580307007
761,488261.055557251,303764.21674346924
762,494369.8627624512,302535.73781585693
763,503671.663936615,303795.2735519409
764,488563.3868865967,302413.18966674805
765,499223.24670410156,306057.45038604736
766,500640.19007205963,306032.8505859375
767,489287.0517883301,302524.2014694214
768,481175.75390625,305075.2837600708
769,491617.99837493896,302072.5016860962
770,478834.70962524414,303847.25813293457
771,491521.56439208984,303405.47731781006
772,484126.388923645,300992.12843322754
773,503156.2715396881,304290.6123199463
774,496465.558883667,301867.16191101074
775,486855.23152542114,303150.95470428467
776,479229.66369628906,308158.68154907227
777,491534.8182067871,302337.2503051758
778,498191.3160934448,302901.94037246704
779,494598.84823417664,301915.9310455322
780,496615.1865158081,299127.3523864746
781,505629.41316986084,301841.72340393066
782,520790.10774993896,343043.90562820435
783,518462.5041809082,328190.4346084595
784,514041.03285217285,304571.39096832275
785,517444.5184173584,334739.98027801514
786,515339.8841934204,334207.9032974243
787,505587.38875198364,333405.1574020386
788,520968.22093200684,328588.7974319458
789,500619.3402481079,327827.53228759766
790,515952.1838684082,326825.1393356323
791,518062.2397766113,326264.52866363525
792,511969.00133132935,323961.1058959961
793,491451.5275192261,322574.7889251709
794,524711.2168655396,318818.603805542
795,503383.5778656006,338836.8511428833
796,504694.99574279785,319086.5884399414
797,519387.9881591797,318514.0150756836
798,516868.0807571411,314458.24533081055
799,495401.5617675781,314627.0573577881
800,503553.9994049072,319436.4509124756
801,508068.8703613281,318482.3773345947
802,497459.3227081299,313062.2255706787
803,495968.27072906494,315073.65899658203
804,498839.01539993286,311167.39877319336
805,509651.413192749,311729.46058654785
806,500352.30445861816,313665.7348937988
807,496775.7897567749,310773.9203186035
808,509242.8221359253,310255.37730407715
809,506022.7487564087,317189.88511657715
810,509586.1982345581,314437.2178955078
811,500915.8338775635,310747.8605117798
812,497655.0438423157,308264.84756469727
813,506882.4402923584,314845.9542388916
814,491557.6245422363,314303.65351867676
815,509579.6379699707,309496.4204864502
816,495694.74630737305,306560.57719421387
817,512580.0792160034,306572.9280395508
818,503649.7865905762,306908.9809112549
819,492862.0144844055,307625.13177490234
820,511454.97720336914,316439.8962249756
821,491251.9100570679,341487.2004261017
822,518591.8465423584,350268.3509578705
823,521613.19689178467,348910.8329668045
824,526258.9646148682,347453.87469005585
825,513198.55975341797,346262.38407707214
826,504149.03341674805,345564.75238513947
827,529284.5617256165,344123.9742922783
828,514772.6608276367,342946.62123322487
829,514338.2875366211,341749.7319254875
830,514635.5144100189,340440.9812231064
831,508557.6296521425,339872.1239771843
832,507704.7319641113,339171.64194869995
833,507361.2210998535,338479.4142074585
834,507475.2190170288,337543.2356905937
835,510626.91248726845,336664.9264392853
836,510131.42736816406,335798.1634950638
837,507266.7071533203,335127.87551116943
838,496357.83181762695,334977.8242664337
839,502005.05487060547,335041.90063762665
840,507801.9231109619,333915.85688495636
841,507440.24561309814,333428.3181190491
842,509689.67199134827,332262.42341804504
843,509632.98020011187,331160.5925312042
844,504615.3161468506,330579.58378219604
845,507184.519569397,329809.13448905945
846,508583.6714553833,328458.73807525635
847,505058.76749420166,327745.04722595215
848,498233.42739868164,327786.5028209686
849,504483.5441532135,327431.4271507263
850,505161.26920318604,326262.7873649597
851,504438.45025634766,325841.1379699707
852,501144.7375717163,325393.81367874146
853,505103.2735595703,324289.8895111084
854,503860.7430047989,323101.7013206482
855,502411.1806716919,322149.8493499756
856,501641.7144165039,321972.11055755615
857,501442.2114973068,321623.5103302002
858,501280.84939575195,321495.1548652649
859,501178.77677726746,320810.0161933899
860,501029.0025024414,319837.2720108032
861,500845.3783836365,319429.6643218994
862,500536.4168243408,319318.63162994385
863,500210.74223327637,318639.58667755127
864,500332.2508468628,318740.7663497925
865,499956.80712890625,318789.4105529785
866,500682.4165096283,317929.7547073364
867,499371.4541320801,317145.0897064209
868,499564.9602050781,316846.42947387695
869,499556.2150878906,316450.24922943115
870,499579.2041320801,315894.8815231323
871,498696.3675842285,315358.43381500244
872,499700.1869354248,315123.140625
873,499736.18378067017,315108.96744537354
874,498956.235748291,314853.6695175171
875,498795.6321029663,314368.1082382202
876,498536.29332733154,313829.9688949585
877,497636.0699234009,312909.0423812866
878,499512.42556762695,312948.46837615967
879,498089.1307373047,312537.0587615967
880,497997.4154815674,312346.5383377075
881,497667.30311107635,311669.12928009033
882,498197.7791824341,311600.962020874
883,498112.54888916016,311375.96561431885
884,499007.4844684601,311238.8276062012
885,499696.00682735443,311913.3629989624
886,498279.09046936035,312360.828125
887,497654.52240371704,311858.7551956177
888,497563.0710449219,311018.4587097168
889,496497.7112083435,310279.5672531128
890,498225.5580749512,310206.77587127686
891,497747.87007141113,310207.4157028198
892,497809.13986206055,310490.03814697266
893,497793.8928184509,312156.62911224365
894,497156.98918151855,311075.94175720215
895,497406.2609009743,310230.79013061523
896,497300.05799102783,310839.24924468994
897,497666.76887512207,309822.9198989868
898,497146.912109375,309691.1941680908
899,497001.58169555664,308887.1022872925
900,497388.424407959,308534.52393341064
901,497151.89825439453,308025.22187042236
902,497052.04849243164,307030.78998565674
903,495916.15185546875,306323.1487350464
904,498018.8374900818,306839.3840484619
905,496745.0080566406,307364.8423690796
906,496924.8878707886,306968.9854736328
907,497132.070022583,306161.7256164551
908,496371.60411834717,305745.6358718872
909,496246.61927986145,304998.30473327637
910,496822.9629211426,304297.15885162354
911,496436.75732421875,304526.1565551758
912,496484.43815612793,304823.4644165039
913,496112.2258605957,304509.71896362305
914,496370.7252960205,304415.94581604004
915,495825.74153900146,303751.82514953613
916,496030.3341369629,304043.3898925781
917,496620.1407470703,304765.3889694214
918,496145.7705230713,304705.8935775757
919,495610.42304992676,303454.4295578003
920,496178.2625427246,304137.1788864136
921,494254.24085998535,306410.28254699707
922,497128.71310424805,308300.8372955322
923,497488.5374908447,305847.247177124
924,495584.0891418457,305282.1661834717
925,495365.0513305664,305532.6202392578
926,495564.7834186554,304930.61695861816
927,495093.54556274414,306098.07106018066
928,495474.6686706543,303965.7473754883
929,495129.96437072754,301775.24144744873
930,494488.3867492676,304503.4663391113
931,495225.4624633789,304432.9524383545
932,496466.3048095703,301997.25718688965
933,495339.0913925171,301866.2332763672
934,493777.44694519043,303065.87062835693
935,494303.1477203369,302537.7235946655
936,495036.1167907715,303267.42195892334
937,494168.0357131958,301929.6047592163
938,494369.97621154785,301253.46882629395
939,495022.8578262329,300007.54110717773
940,494434.04664611816,303421.7162322998
941,493948.0467224121,299780.7438278198
942,493131.59088134766,298447.2638168335
943,494506.69803619385,299459.5118865967
944,493872.0765800476,300065.46742248535
945,494450.92642974854,301851.54277801514
946,495314.020488739,298079.7266616821
947,494106.5052909851,302257.83028411865
948,494411.3067626953,300859.87589263916
949,493498.92768859863,296448.17095184326
950,491675.3620300293,298515.4451751709
951,496618.9924926758,297197.6256942749
952,493431.7423324585,298063.31896972656
953,493754.8868255615,305226.0976638794
954,496038.7523803711,301651.3536376953
955,491810.563457489,296006.97173309326
956,493120.21966552734,305913.85052490234
957,497415.6905994415,308043.83221435547
958,493975.9931335449,300089.0079803467
959,491880.5415496826,296839.5700454712
960,492180.8395690918,298618.059677124
961,492918.5870513916,297008.4648666382
962,492652.12755966187,295655.0991821289
963,489190.7203979492,296558.7559890747
964,491353.7914733887,297783.57653045654
965,492926.46325683594,293760.68281555176
966,490209.9375,308308.56269836426
967,496820.56974601746,309069.9978790283
968,495340.9080429077,302764.2329711914
969,490844.6170196533,292991.7742919922
970,493580.19482421875,294057.8867416382
971,489633.81200408936,294310.5015029907
972,489387.13049316406,293688.27281951904
973,490474.9422607422,294302.7609024048
974,492483.7092895508,292185.31618499756
975,490267.73554992676,291942.4889755249
976,487849.56957244873,292048.9834213257
977,488845.9531402588,289358.34672546387
978,487053.64044189453,302593.6256942749
979,494390.32421875,308893.21726989746
980,496065.0841293335,305826.60065460205
981,490767.39907836914,299295.06185913086
982,489905.6393661499,294772.15494537354
983,490028.1842651367,291830.01445007324
984,485545.91862487793,287387.0011367798
985,490561.88035583496,290729.9115524292
986,488912.6790161133,289325.31271362305
987,487115.38833618164,289016.2086715698
988,484639.11961364746,297611.97384262085
989,488601.70639038086,296022.08654022217
990,487637.30711746216,286399.37033081055
991,485519.0147705078,294835.1597747803
992,487860.8712615967,296829.8716812134
993,492115.07989501953,299198.73290252686
994,487874.6090698242,297403.6726760864
995,489617.56998443604,299015.90002441406
996,489722.2714691162,293767.880821228
997,488588.89489746094,291864.38053894043
998,489954.6041030884,290701.5112838745
999,487737.8932495117,289076.6679382324
